# dist,version,author,filename,released - epoch,released - YMD
Acme,1.11111,INGY,Acme-1.11111.tar.gz,1137626100,2006-01-18
Acme-Anything,0.02,JJORE,Acme-Anything-0.02.tar.gz,1194827066,2007-11-12
Acme-BOPE,0.01,GARU,Acme-BOPE-0.01.tar.gz,1222060546,2008-09-22
Acme-Brainfuck,1.1.1,JALDHAR,Acme-Brainfuck-1.1.1.tar.gz,1081268735,2004-04-06
Acme-Buffy,1.5,LBROCARD,Acme-Buffy-1.5.tar.gz,1177769034,2007-04-28
Acme-CPANAuthors-CodeRepos,0.080522,ISHIGAKI,Acme-CPANAuthors-CodeRepos-0.080522.tar.gz,1211390902,2008-05-21
Acme-CPANAuthors-Japanese,0.090101,ISHIGAKI,Acme-CPANAuthors-Japanese-0.090101.tar.gz,1230748955,2008-12-31
AEAE,0.02,JETEVE,AEAE-0.02.tar.gz,1139566791,2006-02-10
AI-NeuralNet-BackProp,0.89,JBRYAN,AI-NeuralNet-BackProp-0.89.zip,966496907,2000-08-17
AI-NeuralNet-Mesh,0.44,JBRYAN,AI-NeuralNet-Mesh-0.44.zip,968964981,2000-09-14
AI-NeuralNet-SOM,0.07,DRRHO,AI-NeuralNet-SOM-0.07.tar.gz,1211612835,2008-05-24
AOL-TOC,0.340,JHARDING,AOL-TOC-0.340.tar.gz,966917420,2000-08-22