<?xml version="1.0" encoding="UTF-8"?>

<rss version="2.0"
 xmlns:blogChannel="http://backend.userland.com/blogChannelModule"
>

<channel>
<title>CPAN Testers Statistics</title>
<link>http://stats.cpantesters.org</link>
<description>Blog posts to the CPAN Testers Statistics website.</description>
<language>en</language>
<lastBuildDate>Sat, 3 Jan 2009 11:53:33 UT</lastBuildDate>
<managingEditor>barbie@missbarbell.co.uk (Barbie)</managingEditor>
<webMaster>barbie@missbarbell.co.uk (Barbie)</webMaster>
<generator>CPAN-Testers-WWW-Statistics</generator>


<item>
<title>CPAN Testers Stats - December Summary - Seasons End</title>
<link>http://stats.cpantesters.org/updates.html#January2009</link>
<description>&#x3C;p&#x3E;December was quite a hive of activity, what with the new &#x3C;a href=&#x22;https://prefs.cpantesters.org&#x22;&#x3E;Preferences Administration&#x3C;/a&#x3E; site launch and the reworked &#x3C;a href=&#x22;http://www.cpantesters.org&#x22;&#x3E;Reports&#x3C;/a&#x3E; site also going live. There is still another member of the website family to be unveiled, but that might be a little longer arriving. In the meantime work towards CT2.0 is being seen as a higher priority for the moment. The data generation tools now encompass a MySQL database update, which is used to feed the Reports site. The first benefits from the change to the MySQL database have been to enable the new Reports site to go live, however in the longer term the AJAX API to data snippets are expected to be used on search.cpan.org, and pretty much anywhere that people can make use of it.&#x3C;/p&#x3E;
&#x3C;p&#x3E;A big data cleanup was also undertaken last month with several entries getting sanitised. As some of the reports get truncated or parsing fails partially, some of the fields, such as osname and osvers can often be left blank or contain erroneous data. As such cleaning this up helps to provide more accurate numbers for the different platforms. Until we move to the complete HTTP submission system, it is likely that some descrepencies will still slip through, so if you spot any please let me know and I&#x27;ll investigate where I can.
&#x3C;p&#x3E;As mentioned last month, the &#x3C;a href=&#x22;http://qa-hackathon.org&#x22;&#x3E;2009 QA Hackathon&#x3C;/a&#x3E; event in Birmingham will be featuring work on the CPAN Testers infrastructure. With several key collaborators planning to be there, we&#x27;re hoping that a lot of the plans to get CT2.0 up and working consistently for all smokers will come to fruition.&#x3C;/p&#x3E;
&#x3C;p&#x3E;We topped 135 testers submitting reports last month, so thank you very much to everyone involved. The mappings this month included 68 total addresses mapped, of which 23 were for newly identified testers.&#x3C;/p&#x3E;
&#x3C;p&#x3E;One side effect of being able to map so many addresses to actual people over the last year, has meant the totals per month keep getting adjusted. With the most recent mappings several months that previous listed over 130 testers, have seen their counts notably reduced, to the point that now December 2008 is the only month to have listed more than 130 testers in a month. I expect that number to reduce too once there are a few addresses mapped in the future. As a result of all the mappings recently, I&#x27;ve held off my unmapped address mailout for the last few months, but I plan to sort that out this month. In the complete database we have 564 unmapped addresses, although only 68 were used during 2008. With a total of 2749 addresses being used, 564 is a significantly high number. My hope is that moving to the new HTTP submission system and releasing the new member of the website family will also help to reduce that number, especially those who use &#x27;example.com&#x27; or &#x27;ESMTP&#x27; as their domains. CT2.0 is coming ... soon :)</description>
<guid isPermaLink="true">http://stats.cpantesters.org/updates.html#January2009</guid>
<pubDate>Sat, 3 Jan 2009 12:00:00 UT</pubDate>
</item>

<item>
<title>Dynamic CPAN Testers Reports - Phase One</title>
<link>http://stats.cpantesters.org/updates.html#December2008c</link>
<description>&#x3C;p&#x3E;After the &#x3C;a href=&#x22;http://stats.cpantesters.org/updates.html#September2008c&#x22;&#x3E;last major update to CPAN Testers Reports website&#x3C;/a&#x3E;, the plan had always been to move to a more dynamic site. While a fully fledged dynamic site is still planned, the move is being made gradually with significant updates. As such the last updates have &#x3C;a href=&#x22;http://www.cpantesters.org/&#x22;&#x3E;now been made live&#x3C;/a&#x3E;.&#x3C;/p&#x3E;
&#x3C;p&#x3E;The latest set of changes now mean that the site is now heavily reliant on Javascript running in the browser. With the previous updates and the large amount of data on some pages, the Javascript code previously used was taking a considerable amount of time to correctly render the page according to the user preferences. As such a major rethink was instigated and I&#x27;m very grateful to &#x3C;a href=&#x22;http://perl.jonallen.info/&#x22;&#x3E;JJ&#x3C;/a&#x3E;, for providing a different perspective that has now been employed. All the data displayed is now driven by data files rather than HTML, thus allowing the pages to render much more quickly. Also to alieviate the loading on distribution pages, the display now only shows one version of a distribution at a time. In most cases this will be the latest version, but depending on your preferences this may differ slightly.&#x3C;/p&#x3E;
&#x3C;p&#x3E;The preferences themselves have been updated and you are now able to filter on Perl verison and operating system, so you can see the reports that are specific for your installation requirements. The preferences are also now tied to the stats and summary graphics, so updating your preferences will also update these tables too.&#x3C;/p&#x3E;
&#x3C;p&#x3E;The latter dynamic update, the summary graphics, now use AJAX to update the quick view of the PASS/FAIL/NA/UNKNOWN reports for the distribution versions or author distributions, depending upon which type of page you are looking at.&#x3C;/p&#x3E;
&#x3C;p&#x3E;This does mean that if you don&#x27;t have Javascript enabled in your browser then you are unlikely to experience the site as it was meant to be viewed. The next phased released however, will included a graceful downgrade to allow each page to be rendered as a flat HTML page with the ability to submit your choices of preferences via a traditional form. With the Googlebot and MSNbot hitting the site on a regular basis, it&#x27;s likely that they will be harnessed to rebuild the site in future too. More updates coming soon.&#x3C;/p&#x3E;</description>
<guid isPermaLink="true">http://stats.cpantesters.org/updates.html#December2008c</guid>
<pubDate>Wed, 28 Dec 2008 18:00:00 UT</pubDate>
</item>

<item>
<title>NEW CPAN Testers site - Preferences Administration</title>
<link>http://stats.cpantesters.org/updates.html#December2008b</link>
<description>&#x3C;p&#x3E;With no little amount of fanfare the CPAN Testers would like to unveil a new site to accompany the rest of the family.&#x3C;/p&#x3E;
&#x3C;p&#x3E;&#x3C;a href=&#x22;https://prefs.cpantesters.org&#x22;&#x3E;The CPAN Testers Preferences Administration website&#x3C;/a&#x3E; is now available for authors to specify the preferences they would like to set for the receipt of reports and summaries. The site now drives the Daily Summary Reports that are produced by the Author Notification System. Currently only Daily Summaries are available, but as the system settles in, the ability to provide individual reports and Weekly Summaries will also be available.&#x3C;/p&#x3E;
&#x3C;p&#x3E;The preferences are separated into two sections, the default preferences and the distribution preferences. The default preferences are applied when you have no specific distribution preferences defined. It is here you can also switch off the ability to receive reports at all, if you wish not to be bothered with CPAN Testers. The distribution preferences can be defined for each distribution which you have released to CPAN. If you choose to only define specific preferences for some of your distributions, the remainder will use the default preferences.&#x3C;/p&#x3E;
&#x3C;p&#x3E;The preferences themselves allow you to specify which grades you are interested in, whether you wish to just be alerted to the first or all tuples, where a tuple is an instance of Distribution version, Perl version and Operating System. You can elect to just be notified about the latest release of a distribution or all versions, as well as the Perl versions and operating systems which you wish to be alerted to, or conversely not be alerted to.&#x3C;/p&#x3E;
&#x3C;p&#x3E;As the system is only meant for CPAN authors, the backend is driven by your PAUSE credentials. However, please note that your password is never stored by the system, and is only used to verify your login with PAUSE itself (all over SSL).&#x3C;/p&#x3E;
&#x3C;p&#x3E;One important note I would like to make authors aware of, is that if you are not receiving summaries, then login to the site and find all notifications have been disabled without you previously asking me to, you may want to check your PAUSE account directly. The system uses your &#x27;PAUSEID at cpan.org&#x27; mailing address to send reports, and as such if you haven&#x27;t correctly set up a forwarding mail address within PAUSE (it doesn&#x27;t appear to be a default setting), then persistant bounces will disable all notifications within your account. Once you correct the PAUSE forwarding, you can then enable notifications and should then begin receiving summaries, as per your preferences.&#x3C;/p&#x3E;
&#x3C;p&#x3E;If you find any problems in using the system. please me know.&#x3C;/p&#x3E;</description>
<guid isPermaLink="true">http://stats.cpantesters.org/updates.html#December2008b</guid>
<pubDate>Mon, 8 Dec 2008 12:00:00 UT</pubDate>
</item>

<item>
<title>CPAN Testers Stats - November Summary - London Calling</title>
<link>http://stats.cpantesters.org/updates.html#December2008</link>
<description>&#x3C;p&#x3E;November was very much a development period for CPAN Testers. There has been a lot of work going on in the backend, with Ask working on the new backend database and HTTP submission process, and myself working on several sites, including 2 new ones. There has also been some work by David Golden and Chris Williams on the smoker tools, so although we may have been publicly quiet, there has been a lot of effort being put in to push CPAN Testers forward.&#x3C;/p&#x3E;
&#x3C;p&#x3E;One of the new sites, The CPAN Testers Preferences site is now ready to go. We finally got the SSL Certifcate approved, signed and installed, so look for a bigger announcement next week about that. The site will allow authors to set preference filters for the reporting they currently receive via the Author Notification Service. Currently only Daily Summary Reports are available, but this will be extended to the individual reports as well as Weekly Summary Reports, as soon as I have some time to add those reports in.&#x3C;/p&#x3E;
&#x3C;p&#x3E;The more interesting site to be worked on is the main CPAN Testers Reports site. Following on from my use.perl post regarding Sorting CPAN, the backend code now uses the new database to correctly sort distribution versions. However, the biggest change to be made will be to make the site very dependant on Javascript. There is already Javascript on the site at the moment, but it wasn&#x27;t written well enough to cope with some of the HUGE pages, and as such some author and distribution pages suffer from popups asking the user whether they wish to continue a long running script. This has now been resolved, and the new pages load a lot faster. In addition the filter mechanism has now been extended to include the ability to filter on the perl version and/or OS name. There is still a bit of work still be done, but again expect an announcement regarding the site in the next couple of weeks.&#x3C;/p&#x3E;
&#x3C;p&#x3E;One thing to note about the Reports site, is that I am not currently coding it as I would a static site. If you don&#x27;t have javascript enabled, then you will not be able to see the data. Once the dynamic site is available then a flat HTML version will be possible, together with the provision for AJAX requests to view specific results on your site.&#x3C;/p&#x3E;
&#x3C;p&#x3E;At the London Perl Workshop, both Chris Williams and myself gave CPAN Testers related talks. Chris gave a more up to date version of the talk he present at YAPC::Europe in Copenhagen during the summer, while I presented a behind the scenes look at the files used to present CPAN, BACKPAN and parts of the CPAN Testers site, finishing up with the new Uploads Database. The event went very well and by all accounts all the talks were very well received. No doubt a few CPAN Testers talks will feature in some of the workshops and conferences during 2009 too.&#x3C;/p&#x3E;
&#x3C;p&#x3E;One event that will be featuring the CPAN Testers project, will be the &#x3C;a href=&#x22;http://qa-hackathon.org&#x22;&#x3E;2009 QA Hackathon&#x3C;/a&#x3E;. This is being held in Birmingham, and although this is a very dedicated event to bring together the developers involved in QA projects, if you have suggestions for attendees, would like to nominate a person we should contact, or even better still have a sponsor contact, then please visit the wiki and add a post to the site.&#x3C;/p&#x3E;
&#x3C;p&#x3E;We topped 133 testers submitting reports last month, our highest ever, so thank you very much to everyone involved. This included 17 new addresses mapped, of which 6 new testers were identified.&#x3C;/p&#x3E;
&#x3C;p&#x3E;Expect more news and announcements in the coming weeks as we move ever closer to CT2.0 :)&#x3C;/p&#x3E;</description>
<guid isPermaLink="true">http://stats.cpantesters.org/updates.html#December2008</guid>
<pubDate>Thu, 6 Dec 2008 12:00:00 UT</pubDate>
</item>

<item>
<title>Sorting CPAN</title>
<link>http://stats.cpantesters.org/updates.html#November2008b</link>
<description>&#x3C;p&#x3E;One of the problems with the CPAN Testers website resources, is that where an author listing of distributions, or the list of versions for a distribution, is required, a lot of backend trawling is done. This is due to the current backends having to refer to 3 sources to get those lists. Even then the resulting lists aren&#x27;t quite correct, as the version sorting can be slightly weird when you have to take into account every author has slightly different perception of versioning. Sort::Versions goes a long way, but it isn&#x27;t 100% accurate. The only really accurate way of sorting is on the release date of a distribution, which until now hasn&#x27;t existed in a single form.&#x3C;/p&#x3E;
&#x3C;p&#x3E;For a couple of months now, CPAN Testers has had it&#x27;s own BACKPAN and CPAN mirrors. Of the 3 sources these are represented by Parse::BACKPAN::Packages and Parse::CPAN::Distributions. and the 2 index files they use. These can take a long time to parse, and as they don&#x27;t parse and return any release date for distributions and their version, using Sort::Versions is a reasonable alternative. However, there is a third source and that is the CPAN Uploads that are announced by PAUSE. Due to the time lag of the mirrors, very often a release can be made and not be available to CPAN for several hours, so while no CPAN Testers reports might exist, it&#x27;s still important to know the latest version.&#x3C;/p&#x3E;
&#x3C;p&#x3E;Previously the last source is the only one that contained any release date information, which prompted me to think about doing it for the other sources. Surprisingly quickly, using the local CPAN Testers copies of BACKPAN and CPAN, I was able to build a basic database of upload data, and tag each with &#x27;backpan&#x27;, &#x27;cpan&#x27; or &#x27;upload&#x27;, to indicate in what state the release was currently at. Queries now take fractions of seconds instead of several seconds. But, and perhaps more importantly, the sorting of distributions actually makes more sense!&#x3C;/p&#x3E;
&#x3C;p&#x3E;The new database is being integrated into the backend code at the moment, but for those that might wish to have this information available for their own uses, the complete database is publicly available at the following locations:&#x3C;/p&#x3E;
&#x3C;ul&#x3E;&#x3C;li&#x3E;SQLite =&#x3E; &#x3C;a href=&#x22;http://devel.cpantesters.org/uploads/uploads.db.gz&#x22;&#x3E;Gzip&#x3C;/a&#x3E; (2.2MB) / &#x3C;a href=&#x22;http://devel.cpantesters.org/uploads/uploads.db.bz2&#x22;&#x3E;Bzip2&#x3C;/a&#x3E; (1.8MB)&#x3C;/li&#x3E;&#x3C;li&#x3E;CSV =&#x3E; &#x3C;a href=&#x22;http://devel.cpantesters.org/uploads/uploads.csv.gz&#x22;&#x3E;Gzip&#x3C;/a&#x3E; (1.5MB) / &#x3C;a href=&#x22;http://devel.cpantesters.org/uploads/uploads.csv.bz2&#x22;&#x3E;Bzip2&#x3C;/a&#x3E; (1.2MB)&#x3C;/li&#x3E;&#x3C;/ul&#x3E;
&#x3C;p&#x3E;These will now be updated daily, and once everything else is in place will eventually updated hourly.&#x3C;/p&#x3E;</description>
<guid isPermaLink="true">http://stats.cpantesters.org/updates.html#November2008b</guid>
<pubDate>Wed, 19 Nov 2008 12:00:00 UT</pubDate>
</item>

<item>
<title>CPAN Testers Stats - October Summary - Rust Never Sleeps</title>
<link>http://stats.cpantesters.org/updates.html#November2008</link>
<description>&#x3C;p&#x3E;At the beginning of the last month, my automated mailer for authors and testers went live. For the most part many will never see the mails it produces, which is good, as it will mean that authors are uploading packages nicely formatted, and testers aren&#x27;t sending out mangled reports. There have been an average of 3 or 4 authors a month who upload distributions without an archive extension accepted by CPAN/CPANPLUS or missing a version number. With testers it varies depending whether a bogus upload has filtered through the system, but again there are at least a few a month. This check now runs daily, as opposed to when I ran it manually roughly once a month. As a consequence it will hopefully help authors more quickly to know when they have uploaded a package that wasn&#x27;t quite packaged correctly, and help testers spot when their test queue has got a bad package. If you do receive a mail from the system and don&#x27;t believe your package/report should have been included, please let me know. It should be noted that authors can upload any archive format they choose, or any file format for that matter. However, to be most useful to end users, particularly those using the automated tools such as CPAN.pm and CPANPLUS, it is recommended that the following archive formats are used: .tar.gz, tgz, .tar.bz2 and .zip. In addition the format for a reliable upload is &#x3C;code&#x3E;&#x3C;distribution name&#x3E;-&#x3C;distribution version&#x3E;.&#x3C;archive extension&#x3E;&#x3C;/code&#x3E;.&#x3C;/p&#x3E;
&#x3C;p&#x3E;Also at the beginning of the month, we had a slight hiccup with the update to the Reports site. Unfortunately L&#xE9;on was in the process of moving his server and the file used by Parse-BACKPAN-Packages became unavailable. Leon quickly sent me a copy of the file and I pointed the code at a local copy of the file instead of the remote one. However, it did prompt me to think about possibly running a mirror BACKPAN server, and thus creating the file myself. At least that way if anything happens to Leon&#x27;s server, there is an alternative location from which the file can be grabbed from. Once I&#x27;ve got it working to my satisfaction, I&#x27;ll shall implement a patch to Parse-BACKPAN-Packages so that it knows about alternative locations. As a consequence, this new BACKPAN mirror is now available publicly via http://backpan.cpantesters.org.&#x3C;/p&#x3E;
&#x3C;p&#x3E;The CPAN Testers Wiki got an update this month too. Following some XHTML fixes and a little bit of a code clean up, I also added syndication feeds for the Recent Changes, as requested by David Golden. The fixes to the XHTML templates, CSS and RSS have hopefully helped to provide a cleaner interface.&#x3C;/p&#x3E;
&#x3C;p&#x3E;Between 13th and 19th October there were some signification changes to the infrastructure of CPAN Testers. The fact that nobody appears to have noticed was a good thing. Expect an official announce soon :)&#x3C;/p&#x3E;
&#x3C;p&#x3E;Over the course of the month, JJ came up with an alternative method of displaying the reports information on the Reports website. Many authors have complained (loudly), that due to the large number of reports their distributions have amassed, it gets difficult to see the important data from the irrelavent (to them). As a first attempt to minimise this the default selections within the Javascript ensured that only CPAN available distributions, tested against unpatched versions of Perl, were seen on each page. However, this also has the problem that for large listings the Javascript can still take a large amount of time to render the page correctly. For some visitors it can also be a bit disconcerting when the page initially locks while it runs the javascript, then half of the page suddenly disappears. This was always a short term measure, and following discussions with JJ, he has come up with a solution that uses a JSON data file, which loads in the browser with the predefined defaults. The new default will be to ONLY render the current distribution, with the ability to &#x22;Expand All&#x22; should you wish to see the other distribution versions. This will then mean no disappearing report data and no long running javascript. My thanks to JJ for persisting with this and figuring out the best way to render everything. The changes aren&#x27;t live yet, but expect an update at some point this month.&#x3C;/p&#x3E;
&#x3C;p&#x3E;Other website developments have continued at quite a pace and while some work has mostly been to improve XHTML compatibility and fixes cosmetic bugs, the new sites for Report Administration and Author Reporting Preferences are coming along very well. More news on those in the coming weeks. The CPAN Testers git repository has now been live for several weeks and will be expanding once more of the backend tools and code are cleaned up and packaged.&#x3C;/p&#x3E;
&#x3C;p&#x3E;Again we had 126 testers submitting reports last month, our second highest by month, with 16 new addresses mapped, of which we had 6 new testers identified.&#x3C;/p&#x3E;
&#x3C;p&#x3E;Work continues on for the websites and mailing systems along with numerous other changes within the CPAN Testers ecosystem. More news soon.&#x3C;/p&#x3E;</description>
<guid isPermaLink="true">http://stats.cpantesters.org/updates.html#November2008</guid>
<pubDate>Thu, 3 Nov 2008 12:00:00 UT</pubDate>
</item>

<item>
<title>CPAN Testers Stats - September Summary - Rainbow Rising</title>
<link>http://stats.cpantesters.org/updates.html#October2008</link>
<description>&#x3C;p&#x3E;Well a lot has been happening this month! After a quiet revamp of the Statistics website, the work to complete the revamped &#x3C;a href=&#x22;http://www.cpantesters.org/&#x22;&#x3E;Reports site&#x3C;/a&#x3E; continued on. At least for a few days. Following some rather large threads on the perl-qa mailing list, it was decided that part of the change for CPAN Testers, to bring about a centralised author notification system, should be brought forward. With the increased volume of reports and the fact that some authors are uninterested in the reports as a whole, &#x3C;a href=&#x22;http://stats.cpantesters.org/updates.html#September2008a&#x22;&#x3E;a daily summary report was generated&#x3C;/a&#x3E;, as part of the Authors Notification System, and a new version of Test-Reporter was released, which would stop smoke testers sending reports directly to the authors. However, this turn of events also received an equal if not bigger resistance, as a number of authors requested to have their direct mails turned back on! Unfortunately, we won&#x27;t be turning them back on (yet!), but we do have plans to enable the direct mails to those authors who want them, by way of the Preferences system, which will be launched as soon as we have the pieces in place. This was to be part of a major CPAN Testers 2.0 launch, but it looks like we may end up releasing parts in stages now. However, if an author wishes to still receive these emails in the short term, they can download David Golden&#x27;s &#x3C;a href=&#x22;http://search.cpan.org/dist/App-CPAN-Testers-Remailer/&#x22;&#x3E;App-CPAN-Testers-Remailer&#x3C;/a&#x3E;, and configure it to read the NNTP server as and when it updates.&#x3C;/p&#x3E;
&#x3C;p&#x3E;The new &#x3C;a href=&#x22;http://www.cpantesters.org/&#x22;&#x3E;Reports&#x3C;/a&#x3E; site has now &#x3C;a href=&#x22;http://stats.cpantesters.org/updates.html#September2008c&#x22;&#x3E;finally been launched&#x3C;/a&#x3E;, and initial feedback was positive. There are still some improvements to be made, but after 3 months of solid work, please don&#x27;t expect anything soon. The biggest drawback with the current static site, is that it creates 3.7GB worth of files, and takes several hours just to generate those files that need updating each day. The dynamic site will improve on this considerably, by only caching files that are actually requested. In addition the preferences system can then use AJAX calls to update the page rather than trying to load everything up front. This will then mean that the update system can be made much more responsive, and once the full HTTP submission system is working, the websites can be updated every few hours. Though perhaps more importantly, those authors who wish to receive reports the moment they hit the server, can then open the floodgates to their own mailservers as much as they want ;)&#x3C;/p&#x3E;
&#x3C;p&#x3E;Chris and David have been hard at work releasing updates to &#x3C;a href=&#x22;http://search.cpan.org/dist/CPANPLUS-YACSmoke&#x22;&#x3E;CPANPLUS-YACSmoke&#x3C;/a&#x3E; and &#x3C;a href=&#x22;http://search.cpan.org/dist/CPAN-Reporter&#x22;&#x3E;CPAN-Reporter&#x3C;/a&#x3E; respectively, with David also patching CPAN.pm and CPANPLUS to implement some of the fixes to the toolchain for testers. The testing tools have moved on leaps and bounds within the last year, and setting up an automated smoke tester is now much easier than it once was. With David and Chris being much more responsive to the updates of the smoke test tools at the moment, it should be noted that CPAN-YACSmoke hasn&#x27;t had much attention from Rob or myself. There is a version 0.04 in existence privately, which may see a final release, but largely the plan is to move any useful functionality into CPANPLUS-YACSmoke, where Chris can look after it more attentively.&#x3C;/p&#x3E;
&#x3C;p&#x3E;One of the changes implemented by David, was following a clarification by Graham Barr over the use of the UNKNOWN grade. For the last few years it has been taken to mean that the test suite could not be found for the distribution, and therefore it is unknown whether the distribution passes or not. However, Graham has since stated that the grade was to also include those instances in the build stage where something goes wrong that is unclear whether the fault is with the distribution, environment, a prerequisite or something else. Previously the build stage errors were reported as FAIL, and have been a great cause of debate for authors when FAILs appear that were out of their control. The reassignment to UNKNOWN will hopefully allow authors to ignore these reports, and for testers to investigate further whether they need to fix their own environment or send a specific bug report. Following on from this, David Golden has written a &#x22;nagbot&#x22; that will be emailing testers to alert them when their testing environment need upgrading.&#x3C;/p&#x3E;
&#x3C;p&#x3E;Another quiet launch was the &#x3C;a href=&#x22;http://devel.cpantesters.org&#x22;&#x3E;CPAN Testers Development Site&#x3C;/a&#x3E;. This is a central resource that is updated daily with the data files and source code snapshots for the collection of CPAN Testers websites, so you have a central source to refer to. However, for the source code repositories for the whole CPAN Testers ecosystem, you should refer to the &#x3C;a href=&#x22;http://wiki.cpantesters.org/wiki/Contributing&#x22;&#x3E;Contributing&#x3C;/a&#x3E; page of the &#x3C;a href=&#x22;http://wiki.cpantesters.org/&#x22;&#x3E;CPAN Testers Wiki&#x3C;/a&#x3E;. Here you will find all the known repositories for the smoke testing tools and website generation tools. Patches, as always, are welcome, so if you feel a burning desire to fix some part of the system, now you know where to find the latest code versions.&#x3C;/p&#x3E;
&#x3C;p&#x3E;Again we had over 100 testers submitting reports last month, with 23 new addresses mapped, of which we had 15 new testers identified. Rick Myers, a recent addition to the CPAN Testers community, caught out Chris with an extra 481 reports to become top tester of the month, and we&#x27;ve seen a slight rise in testers last month too, with 120 posting reports.&#x3C;/p&#x3E;
&#x3C;p&#x3E;I expect a quiet a month for October, as we let the dust settle and allow David to follow Chris (nothing new there then ;)) and become a new Dad. That&#x27;s not to say we will be idle, as there is still plenty to be getting on with, as we move closer to CT2.0.&#x3C;/p&#x3E;</description>
<guid isPermaLink="true">http://stats.cpantesters.org/updates.html#October2008</guid>
<pubDate>Thu, 2 Oct 2008 01:00:00 UT</pubDate>
</item>

<item>
<title>NEW CPAN Testers Reports</title>
<link>http://stats.cpantesters.org/updates.html#September2008c</link>
<description>&#x3C;p&#x3E;As soon as DNS catches up for you, the all new &#x3C;a href=&#x22;http://www.cpantesters.org&#x22;&#x3E;CPAN Testers Reports&#x3C;/a&#x3E; site is now live. There are plenty of changes and fixes that have gone into this release, and my thanks specifically to &#x3C;b&#x3E;Gabor Szabo&#x3C;/b&#x3E; and &#x3C;b&#x3E;David E. Wheeler&#x3C;/b&#x3E; for contributing patches.&#x3C;/p&#x3E;
&#x3C;p&#x3E;So what do you get with the new site? Well thanks to Gabor, a pass matrix has been added to each distribution page. On each author page, the distributions now link to their own respective pages. David E Wheeler&#x27;s patch has been incorporated to provide an RSS feed that excludes the PASS reports. In addition the RSS feeds now limit to at most the last 100 reports. For the author page, the very latest release is listed, and not just the latest with reports, so authors can see more immediately whether their latest version is known about. On the distribution page, all known releases are listed, with those having no reports having text saying that. This latter change has been a cause for concern with some authors, as the latest versions were often getting missed. Unfortunately this was due to everything being referenced as per the BACKPAN files, and did not include everything that was still on CPAN. There have been many minor fixes, which all help to contribute to better usability.&#x3C;/p&#x3E;
&#x3C;p&#x3E;However, the biggest change is the ability to select what you wish to see on the page. The options currently available are only the beginning, as these were all the easy ones to sort out. More complex changes, such as being able to filter on OS and/or Perl version, and preferences cookie recording, are planned for a later release along with many other improvements. Although the most notable change will be to turn the site into a dynamic one, which will be able to respond to new reports much more immediately.&#x3C;/p&#x3E;
&#x3C;p&#x3E;If you do have further suggestions for improvement, please post them to &#x3C;a href=&#x22;http://rt.cpan.org/Public/Dist/Display.html?Name=CPAN-WWW-Testers&#x22;&#x3E;RT&#x3C;/a&#x3E;, so I don&#x27;t forget them.&#x3C;/p&#x3E;
&#x3C;p&#x3E;For those that are wondering what has happened to the testers.db.bz2 file, that file is no longer generated for the new site, as it doesn&#x27;t contain enough data for the current cpantesters.org sites. The new file is at h&#x3C;a href=&#x22;ttp://devel.cpantesters.org/cpanstats.db.gz&#x22;&#x3E;ttp://devel.cpantesters.org/cpanstats.db.gz&#x3C;/a&#x3E;, and contains several changes from the previous schema. To see the current schema, see &#x3C;a href=&#x22;http://search.cpan.org/perldoc?CPAN::WWW::Testers::Generator&#x22;&#x3E;CPAN::WWW::Testers::Generator&#x3C;/a&#x3E;. In the short term, if you still need the old schema formatted database file you can grab it from &#x3C;a href=&#x22;http://cpantesters.perl.org/testers.db.bz2&#x22;&#x3E;http://cpantesters.perl.org/testers.db.bz2&#x3C;/a&#x3E;. The old site is currently maintained by Robert and Ask at perl.org and will continue to be updated as per the old schema until at least the new site has had a chance to settle down, and probably not until there is a more interactive API available to the data. However, if you are using the old database, please think about moving over to the new format, as the contents of the new database are now more actively monitored and maintained.&#x3C;/p&#x3E;
&#x3C;p&#x3E;And latestly a request. Assuming nothing breaks and the new changes work out, the definitive domain for all the CPAN Testers related websites should be cpantesters.org. As such, if you have documentation in your modules or on your websites that references any other domain (whether for the Reports site or the Statistics site for example), could you update them to use only the cpantesters.org domain, with the correct sub-domain (Reports is &#x3C;a href=&#x22;http://www.cpantesters.org&#x22;&#x3E;www.cpantesters.org&#x3C;/a&#x3E;, Statistics is &#x3C;a href=&#x22;http://stats.cpantesters.org&#x22;&#x3E;stats.cpantesters.org&#x3C;/a&#x3E; and the Wiki is &#x3C;a href=&#x22;http://wiki.cpantesters.org&#x22;&#x3E;wiki.cpantesters.org&#x3C;/a&#x3E;, etc.), for your next release. The reason being that other domain names may or may not work in the future, and the use of the new domain name will make it easier for everyone to remember the sites they wish to go to for anything related to CPAN Testers. It also doesn&#x27;t hurt having all these references adding to search engine rankings either.&#x3C;/p&#x3E;</description>
<guid isPermaLink="true">http://stats.cpantesters.org/updates.html#September2008c</guid>
<pubDate>Sat, 20 Sep 2008 06:51:00 UT</pubDate>
</item>

<item>
<title>The CPAN Testers Websites - What's Next?</title>
<link>http://stats.cpantesters.org/updates.html#September2008b</link>
<description>&#x3C;p&#x3E;Yesterday I announced the launch of the notification system (with very mixed reactions), part of a whole swathe of improvements planned for CPAN Testers. The next phase for the notification system is to implement a preferences website, on which authors can fine tune the alerting they wish to receive, even down to particular os, perl version, distribution and distribution version. So for example if an author wants to receive mails for their distributions, except their Acme ones, or only for those reports run on VMS, then they can. I&#x27;m not going to commit to when the preferences site will be live, as there is much work behind the scenes still yet to do, but all being well I plan to have something live in the coming months.&#x3C;/p&#x3E;
&#x3C;p&#x3E;Since taking on the code base for &#x3C;a href=&#x22;http://search.cpan.org/dist/CPAN-WWW-Testers-Generator&#x22;&#x3E;CPAN-WWW-Testers-Generator&#x3C;/a&#x3E; and &#x3C;a href=&#x22;http://search.cpan.org/dist/CPAN-WWW-Testers&#x22;&#x3E;CPAN-WWW-Testers&#x3C;/a&#x3E;, I have been hard at work implementing many improvements for these, as well as packaging &#x3C;a href=&#x22;http://search.cpan.org/dist/CPAN-Testers-WWW-Statistics&#x22;&#x3E;CPAN-Testers-WWW-Statistics&#x3C;/a&#x3E;. You may not have noticed the improvements in the database generation tools and process, but you may have noticed some of the clean ups on the Statistics site. One of these clean-ups has been to finally add an &#x3C;a href=&#x22;http://stats.cpantesters.org/rss-2.0.xml&#x22;&#x3E;RSS feed&#x3C;/a&#x3E; and formalise &#x3C;a href=&#x22;http://stats.cpantesters.org/updates.html&#x22;&#x3E;the blog&#x3C;/a&#x3E;.&#x3C;/p&#x3E;
&#x3C;p&#x3E;Another update has been to move the non-CPAN code and data to a new &#x3C;a href=&#x22;http://devel.cpantesters.org/&#x22;&#x3E;CPAN Testers Development&#x3C;/a&#x3E; site. My primary intention with this is to provide links to the data that is used or generated behind the scenes, that isn&#x27;t appropriate for CPAN. However, a further intention is to provide a suitable one-hit place to find all the development links you will need if you wish to get involved in working with the CPAN Testers code base. At the moment only links to the CPAN versions are included, but eventually git/svn/cvs/whatever repositories will also be listed. This will hopefully encourage patches and the like for adding more functionality to the websites and bring us closer to CPAN Testers 2.0.&#x3C;/p&#x3E;
&#x3C;p&#x3E;However, there is still one part of the puzzle to be unveiled, and that is the new CPAN Testers Reports website. On Monday I gave a quick preview to &#x3C;a href=&#x22;http://miltonkeynes.pm.org/&#x22;&#x3E;MiltonKeynes.pm&#x3C;/a&#x3E;, which gained some positive comments, and will hopefully meet with approval with everyone else (though I doubt it after the flak I&#x27;ve been getting over the past week) once it receives its finishing touches. The site currently builds to over 3.7GB as a static site, so the move to a dynamic site will reduce that somewhat. Lots of fixes for the static site have been implemented, and many more are still planned. Expect its public launch soon.&#x3C;/p&#x3E;
&#x3C;p&#x3E;There is lots more planned for CPAN Testers 2.0, but much of that will be behind the scenes in the way that reports get sent to the central server. If you want to get involved and help improve CPAN Testers, please consider joining the &#x3C;a href=&#x22;http://wiki.cpantesters.org/wiki/MailingLists&#x22;&#x3E;cpan-testers-discuss mailing list&#x3C;/a&#x3E;. David Golden has started a &#x3C;a href=&#x22;http://wiki.cpantesters.org/wiki/Roadmap&#x22;&#x3E;Roadmap&#x3C;/a&#x3E; page on the &#x3C;a href=&#x22;http://wiki.cpantesters.org/&#x22;&#x3E;wiki&#x3C;/a&#x3E;, so please put forward your suggestions and ideas.&#x3C;/p&#x3E;</description>
<guid isPermaLink="true">http://stats.cpantesters.org/updates.html#September2008b</guid>
<pubDate>Fri, 12 Sep 2008 08:09:00 UT</pubDate>
</item>

<item>
<title>All Your Report Are Belong To Us</title>
<link>http://stats.cpantesters.org/updates.html#September2008a</link>
<description>&#x3C;p&#x3E;Today I&#x27;m pleased to announce the launch of the CPAN Testers&#x27; &#x22;Collated Email Notification of Tester Reports for Authors Service&#x22; [1], a centralised notification system to send authors email updates for the reports, that were previously sent by testers to the authors directly. David has now &#x3C;a href=&#x22;http://use.perl.org/~dagolden/journal/37377&#x22;&#x3E;updated Test-Reporter&#x3C;/a&#x3E; to suppress the sending of mails to authors, and the CPAN Tester community are currently upgrading their environments with the latest version. As such the current direct mails should now tail off, with the new notification system taking over.&#x3C;/p&#x3E;
&#x3C;p&#x3E;Following some heated discussions last week, part of the plans for CPAN Testers 2.0 have been brought forward. As much of the data recording and presentation is already fairly centralised, it has long been planned to make the author notificatons more centralised to provide more consistent reporting. Due to some very heated threads recently, David Golden and myself decided we should look at putting a centralised email alerting system into place sooner rather than later. David has been looking at alerting testers to broken environments, old CPAN Testers tools and badly formed reports, which will hopefully be live soon, while I have taken on the first part of the whole author notification and preferences system.&#x3C;/p&#x3E;
&#x3C;p&#x3E;The prototype for alerting authors went live this lunchtime (UK time), though if you haven&#x27;t received an email yet, don&#x27;t fret it is just likely that none of your distributions have been tested since Saturday in order to receive the mails. As this is just the first part of the full preferences system, I&#x27;ve had to set some defaults. These have been set to notify authors of the FAIL reports, which are the FIRST instance of a distribution/platform/perl combination. Currently all the known PAUSE ids have been entered into the database with these defaults, apart from a few authors who have expressed other default preferences. If you do not wish to receive these alerts, or would like to alter the preferences, please send me an email (barbie[at]cpan.org) and I&#x27;ll make the updates as requested.&#x3C;/p&#x3E;
&#x3C;p&#x3E;The notification system will run once a day and collate a list of the links to the reports via the web interface on the NNTP server. As such, you will no longer receive huge reports in your inbox, but at most just one email a day containing a list of links to your reports. You can then view them at your leisure. If you have any problems with the notifications themselves, please let me know, and I would welcome any suggestions for improvements. I may not be able to implement them straight away (and may already have some on my TODO list), but please feel free to email me privately, comment here, or join the &#x3C;a href=&#x22;http://wiki.cpantesters.org/wiki/MailingLists&#x22;&#x3E;cpan-testers-discuss mailing list&#x3C;/a&#x3E; and join the dicussions.&#x3C;/p&#x3E;&#x3C;p&#x3E;[1] If you can think of a suitable word beginning with &#x27;L&#x27; to replace &#x27;Service&#x27; let me know&#x3C;nobr&#x3E; &#x3C;wbr&#x3E;&#x3C;/nobr&#x3E;;)&#x3C;/p&#x3E;</description>
<guid isPermaLink="true">http://stats.cpantesters.org/updates.html#September2008a</guid>
<pubDate>Thu, 11 Sep 2008 13:17:00 UT</pubDate>
</item>


</channel>
</rss>