[{"category":"Platinum Sponsors","links":[{"body":"<p>Birmingham Perl Mongers have been long time supporters of CPAN Testers, having funded our dedicated servers since 2008, as well as hosting some of our sites on their own server.</p>","width":"50","href":"http://birmingham.pm.org","title":"Birmingham Perl Mongers","height":"50","image":"http://iheart.cpantesters.org/images/public/imgXJbdRy.jpg"}]},{"category":"Silver Sponsors","links":[{"body":"<p>Dyn (pronounced &ldquo;dine&rdquo;) is the worldwide Internet Infrastructure as a Service (IaaS) leader, powering <strong><a href=\"http://www.dyn.com/dns\">Managed DNS</a></strong> and <strong><a href=\"http://www.dyn.com/email\">Email Delivery</a></strong> for over four million enterprise clients, small businesses and home  users. Simply put, Dyn helps websites run faster and be more reliable,  while also ensuring that transactional emails that consumers want and  need reach their inboxes. We make the Internet a better place.</p>","width":"150","href":"http://www.dyn.com/","title":"Dyn","height":"47","image":"http://iheart.cpantesters.org/images/public/imgfKo2ut.png"},{"body":"<p>Webfusion have provided us with a Dedicated Server, which is being used for the Analytics and Matrix sites within the CPAN Testers family.&nbsp;</p>\r\n<p>Webfusion was established over 15 years ago, using their expertise to become one of the UK's largest web hosts. Specialising in delivering cost-effective, feature-rich hosting products to a diverse business orientated market and offer bespoke solutions tailored to your business requirements.</p>\r\n<p>The Webfusion portfolio includes web hosting products, from Virtual Private Servers and Dedicated Servers to flexible <a href=\"http://www.webfusion.co.uk/managed-hosting/\">managed hosting</a> solutions and high performance cloud hosting. All Webfusion web hosting solutions are designed to suit your business needs and help your business grow.</p>","width":"146","href":"http://www.webfusion.co.uk/managed-hosting/","title":"Webfusion","height":"94","image":"http://iheart.cpantesters.org/images/public/imgjgyycH.png"}]},{"category":"Bronze Sponsors","links":[{"body":"<p>Since September 2011, Bytemark have provided us with a dedicated server at very preferential rates, thanks to our involvement in OpenSource software.</p>\r\n<p>Bytemark Hosting is the UK's &quot;geek hosting outfit of choice&quot; because      its programmer &amp; network-engineer team have built it that way since 2002,      with their own tools, software and technical expertise.  They understand       web applications and network infrastructure equally, and host names such as       Bostik, dopplr.com and Britain's largest mystery shopping company,       Retail Eyes.  Their hosting starts at only &pound;15 per month and  runs      to multi-site managed setups for customers with the fussiest demands      of reliability and failover.</p>","width":"271","href":"http://www.bytemark.co.uk/","title":"Bytemark Hosting","height":"21","image":"http://iheart.cpantesters.org/images/public/imghZmmQT.png"}]}]